"","Data_Hora","Teste","Antena","Channel","Freq","Occ_Band","Sit_Teste","Power","Sit_Power","N_outsig","N_3sig","N_2sig","N_1sig","U","P_1sig","P_2sig","P_3sig","P_outsig","Sit","Log","Classe"
"1","2016-05-09 12:39:04","01","01","01","2412","16,445312","PASSED","-0,716724","PASSED","-32,773438","-29,882812","-11,562500","-10,976562","-6,875000","9,804688","11,015625","0","0","PASSED","test_03_G_20160509123904.txt","1"
"2","2016-05-09 12:39:04","02","02","01","2412","16,406250","PASSED","-0,704482","PASSED","-30,468750","-29,843750","-14,375000","-10,976562","-6,875000","9,804688","11,015625","0","0","PASSED","test_03_G_20160509123904.txt","1"
"3","2016-05-09 12:39:04","03","03","01","2412","16,406250","PASSED","-2,047745","PASSED","-32,734376","-29,960938","-14,375000","-9,726562","-6,875000","9,804688","11,015625","0","0","PASSED","test_03_G_20160509123904.txt","1"
"4","2016-05-09 12:39:04","04","01","07","2442","16,406250","PASSED","-0,660299","PASSED","-37,734376","-29,687500","-14,375000","-10,976562","1,250000","9,804688","11,015625","0","0","PASSED","test_03_G_20160509123904.txt","1"
"5","2016-05-09 12:39:04","05","02","07","2442","16,406250","PASSED","-1,017960","PASSED","-30,039062","-30,000000","-14,375000","-9,726562","1,250000","9,804688","11,015625","0","0","PASSED","test_03_G_20160509123904.txt","1"
"6","2016-05-09 12:39:04","06","03","07","2442","16,406250","PASSED","-2,241132","PASSED","-31,328124","-29,921876","-11,210938","-9,726562","1,250000","9,804688","11,015625","0","0","PASSED","test_03_G_20160509123904.txt","1"
"7","2016-05-09 12:39:04","07","01","13","2472","16,406250","PASSED","-1,055289","PASSED","-31,250000","-30,000000","-14,375000","-10,976562","-6,875000","9,804688","11,015625","0","0","PASSED","test_03_G_20160509123904.txt","1"
"8","2016-05-09 12:39:04","08","02","13","2472","16,406250","PASSED","-1,803020","PASSED","-31,992188","-29,609376","-14,375000","-10,976562","-6,875000","9,804688","11,015625","0","0","PASSED","test_03_G_20160509123904.txt","1"
"9","2016-05-09 12:39:04","09","03","13","2472","16,406250","PASSED","-3,060863","PASSED","-32,031250","-29,882812","-14,375000","-10,976562","-6,875000","9,804688","11,015625","0","0","PASSED","test_03_G_20160509123904.txt","1"
"10","2016-05-09 12:39:04","10","01","36","5180","17,656250","PASSED","-10,027298","PASSED","-39,726564","-29,921876","-11,054688","-9,140625","-1,289062","9,062500","11,015625","0","0","PASSED","test_03_G_20160509123904.txt","1"
"11","2016-05-09 12:39:04","11","02","36","5180","17,617187","PASSED","-11,276805","PASSED","-38,750000","-30,000000","-11,289062","-9,140625","-1,289062","9,062500","11,015625","0","0","PASSED","test_03_G_20160509123904.txt","1"
"12","2016-05-09 12:39:04","12","03","36","5180","17,656250","PASSED","-9,323917","PASSED","-33,125000","-30,000000","-11,054688","-9,140625","-1,289062","9,062500","11,015625","0","0","PASSED","test_03_G_20160509123904.txt","1"
"13","2016-05-09 12:39:04","13","01","64","5320","17,617188","PASSED","-12,249966","PASSED","-38,750000","-30,000000","-11,054688","-9,140625","-0,039062","9,062500","11,015625","0","0","PASSED","test_03_G_20160509123904.txt","1"
"14","2016-05-09 12:39:04","14","02","64","5320","17,617188","PASSED","-12,944485","PASSED","-40,000000","-30,000000","-11,054688","-9,140625","-0,039062","9,062500","11,015625","0","0","PASSED","test_03_G_20160509123904.txt","1"
"15","2016-05-09 12:39:04","15","03","64","5320","17,617188","PASSED","-11,223261","PASSED","-35,078124","-29,960938","-11,054688","-9,140625","-0,039062","9,062500","11,015625","0","0","PASSED","test_03_G_20160509123904.txt","1"
"16","2016-05-09 12:39:04","16","01","100","5500","17,617187","PASSED","-15,403412","PASSED","-40,000000","-29,765624","-11,054688","-9,140625","-0,039062","9,062500","11,015625","0","0","PASSED","test_03_G_20160509123904.txt","1"
"17","2016-05-09 12:39:04","17","02","100","5500","17,617187","PASSED","-17,213937","PASSED","-40,000000","-30,000000","-11,054688","-9,140625","-0,039062","9,062500","11,015625","0","0","PASSED","test_03_G_20160509123904.txt","1"
"18","2016-05-09 12:39:04","18","03","100","5500","17,656250","PASSED","-13,242022","PASSED","-40,000000","-30,000000","-11,054688","-9,140625","-0,039062","9,062500","11,015625","0","0","PASSED","test_03_G_20160509123904.txt","1"
"19","2016-05-09 12:39:04","19","01","140","5700","17,617187","PASSED","-16,630979","PASSED","-40,000000","-30,000000","-11,054688","-9,140625","-0,039062","9,062500","11,015625","0","0","PASSED","test_03_G_20160509123904.txt","1"
"20","2016-05-09 12:39:04","20","02","140","5700","17,617187","PASSED","-17,958971","PASSED","-40,000000","-30,000000","-11,054688","-9,140625","-0,039062","9,062500","11,015625","0","0","PASSED","test_03_G_20160509123904.txt","1"
"21","2016-05-09 12:39:04","21","03","140","5700","17,617187","PASSED","-14,547547","PASSED","-40,000000","-29,687500","-11,054688","-9,140625","-0,039062","9,062500","11,015625","0","0","PASSED","test_03_G_20160509123904.txt","1"
"22","2016-05-09 12:39:04","22","01","161","5805","17,617187","PASSED","-15,669327","PASSED","-38,789064","-30,000000","-11,054688","-9,140625","-1,289062","9,062500","11,015625","0","0","PASSED","test_03_G_20160509123904.txt","1"
"23","2016-05-09 12:39:04","23","02","161","5805","17,617187","PASSED","-14,797245","PASSED","-32,539062","-30,000000","-11,054688","-9,140625","-1,289062","9,062500","11,015625","0","0","PASSED","test_03_G_20160509123904.txt","1"
"24","2016-05-09 12:39:04","24","03","161","5805","17,617187","PASSED","-13,605001","PASSED","-32,500000","-29,726562","-15,976562","-9,140625","-1,289062","9,062500","11,015625","0","0","PASSED","test_03_G_20160509123904.txt","1"
"25","2016-05-09 14:01:52","01","01","01","2412","16,445312","PASSED","-0,748783","PASSED","-31,601562","-20,312500","-14,375000","-10,976562","-6,875000","10,937500","17,500000","0","0","PASSED","test_04_G_20160509140152.txt","1"
"26","2016-05-09 14:01:52","02","02","01","2412","16,406250","PASSED","-0,339531","PASSED","-30,546876","-30,000000","-14,375000","-10,976562","-6,875000","10,937500","11,015625","0","0","PASSED","test_04_G_20160509140152.txt","1"
"27","2016-05-09 14:01:52","03","03","01","2412","16,406250","PASSED","-2,039583","PASSED","-34,882812","-29,843750","-14,375000","-10,976562","-6,875000","9,804688","11,015625","0","0","PASSED","test_04_G_20160509140152.txt","1"
"28","2016-05-09 14:01:52","04","01","07","2442","16,406250","PASSED","-0,835008","PASSED","-36,093752","-29,492188","-14,375000","-10,976562","1,250000","10,898438","11,015625","0","0","PASSED","test_04_G_20160509140152.txt","1"
"29","2016-05-09 14:01:52","05","02","07","2442","16,406250","PASSED","-0,913996","PASSED","-31,289062","-30,000000","-14,375000","-10,976562","1,250000","9,804688","11,015625","0","0","PASSED","test_04_G_20160509140152.txt","1"
"30","2016-05-09 14:01:52","06","03","07","2442","16,406250","PASSED","-2,440859","PASSED","-32,812500","-29,882812","-14,375000","-9,726562","1,250000","9,804688","11,015625","0","0","PASSED","test_04_G_20160509140152.txt","1"
"31","2016-05-09 14:01:52","07","01","13","2472","16,406250","PASSED","-1,141371","PASSED","-39,804688","-20,312500","-14,375000","-10,976562","-6,875000","10,937500","17,500000","0","0","PASSED","test_04_G_20160509140152.txt","1"
"32","2016-05-09 14:01:52","08","02","13","2472","16,406250","PASSED","-1,681157","PASSED","-32,031250","-30,000000","-14,375000","-10,976562","-6,875000","10,937500","11,015625","0","0","PASSED","test_04_G_20160509140152.txt","1"
"33","2016-05-09 14:01:52","09","03","13","2472","16,406250","PASSED","-3,182387","PASSED","-37,734376","-20,312500","-14,375000","-10,976562","-6,875000","9,804688","11,015625","0","0","PASSED","test_04_G_20160509140152.txt","1"
"34","2016-05-09 14:01:52","10","01","36","5180","17,578125","PASSED","-9,336420","PASSED","-34,414064","-30,000000","-11,054688","-9,140625","-1,289062","9,062500","11,015625","0","0","PASSED","test_04_G_20160509140152.txt","1"
"35","2016-05-09 14:01:52","11","02","36","5180","17,617187","PASSED","-9,353108","PASSED","-39,414064","-29,960938","-11,054688","-9,140625","-1,289062","9,062500","11,015625","0","0","PASSED","test_04_G_20160509140152.txt","1"
"36","2016-05-09 14:01:52","12","03","36","5180","17,617187","PASSED","-10,707870","PASSED","-38,750000","-30,000000","-11,054688","-9,140625","-1,289062","9,062500","11,015625","0","0","PASSED","test_04_G_20160509140152.txt","1"
"37","2016-05-09 14:01:52","13","01","64","5320","17,578125","PASSED","-11,631691","PASSED","-40,000000","-30,000000","-15,585938","-9,140625","-1,289062","9,062500","16,835938","0","0","PASSED","test_04_G_20160509140152.txt","1"
"38","2016-05-09 14:01:52","14","02","64","5320","17,578125","PASSED","-10,380174","PASSED","-38,320312","-30,000000","-11,054688","-9,140625","-1,289062","9,062500","11,015625","0","0","PASSED","test_04_G_20160509140152.txt","1"
"39","2016-05-09 14:01:52","15","03","64","5320","17,578125","PASSED","-12,199119","PASSED","-38,750000","-30,000000","-11,054688","-9,140625","-1,289062","9,062500","11,015625","0","0","PASSED","test_04_G_20160509140152.txt","1"
"40","2016-05-09 14:01:52","16","01","100","5500","17,617187","PASSED","-14,755483","PASSED","-32,539062","-30,000000","-11,054688","-9,140625","0,000000","9,062500","11,015625","0","0","PASSED","test_04_G_20160509140152.txt","1"
"41","2016-05-09 14:01:52","17","02","100","5500","17,617187","PASSED","-14,488053","PASSED","-38,750000","-30,000000","-11,054688","-9,140625","-1,289062","9,062500","11,015625","0","0","PASSED","test_04_G_20160509140152.txt","1"
"42","2016-05-09 14:01:52","18","03","100","5500","17,617187","PASSED","-14,009143","PASSED","-39,101564","-29,765624","-11,054688","-9,140625","-1,289062","9,062500","11,015625","0","0","PASSED","test_04_G_20160509140152.txt","1"
"43","2016-05-09 14:01:52","19","01","140","5700","17,617187","PASSED","-16,122661","PASSED","-38,750000","-29,960938","-11,054688","-9,140625","-1,289062","9,062500","11,015625","0","0","PASSED","test_04_G_20160509140152.txt","1"
"44","2016-05-09 14:01:52","20","02","140","5700","17,617187","PASSED","-16,253422","PASSED","-39,687500","-30,000000","-11,054688","-9,140625","-1,289062","9,062500","11,015625","0","0","PASSED","test_04_G_20160509140152.txt","1"
"45","2016-05-09 14:01:52","21","03","140","5700","17,617187","PASSED","-15,576613","PASSED","-39,726564","-30,000000","-11,054688","-9,140625","-1,289062","9,062500","11,015625","0","0","PASSED","test_04_G_20160509140152.txt","1"
"46","2016-05-09 14:01:52","22","01","161","5805","17,617187","PASSED","-15,264678","PASSED","-38,750000","-29,804688","-15,976562","-9,140625","-1,289062","9,062500","11,015625","0","0","PASSED","test_04_G_20160509140152.txt","1"
"47","2016-05-09 14:01:52","23","02","161","5805","17,617187","PASSED","-13,877922","PASSED","-32,539062","-29,843750","-11,054688","-9,140625","-1,289062","9,062500","11,015625","0","0","PASSED","test_04_G_20160509140152.txt","1"
"48","2016-05-09 14:01:52","24","03","161","5805","17,617187","PASSED","-14,649263","PASSED","-39,687500","-29,687500","-11,054688","-9,140625","-1,289062","9,062500","11,015625","0","0","PASSED","test_04_G_20160509140152.txt","1"
"49","2016-05-10 08:17:25","01","01","01","2412","16,445312","PASSED","-0,735869","PASSED","-32,734376","-20,312500","-14,375000","-10,976562","-6,875000","10,937500","17,500000","0","0","PASSED","test_04_G_20160510081725.txt","1"
"50","2016-05-10 08:17:25","02","02","01","2412","16,406250","PASSED","-0,456733","PASSED","-33,203124","-20,312500","-14,375000","-10,976562","-6,875000","10,898438","11,015625","0","0","PASSED","test_04_G_20160510081725.txt","1"
"51","2016-05-10 08:17:25","03","03","01","2412","16,406250","PASSED","-2,012086","PASSED","-32,695312","-29,804688","-14,375000","-10,976562","-6,875000","9,804688","11,015625","0","0","PASSED","test_04_G_20160510081725.txt","1"
"52","2016-05-10 08:17:25","04","01","07","2442","16,445312","PASSED","-0,679459","PASSED","-32,851562","-20,312500","-14,375000","-10,976562","1,250000","10,937500","11,015625","0","0","PASSED","test_04_G_20160510081725.txt","1"
"53","2016-05-10 08:17:25","05","02","07","2442","16,445312","PASSED","-0,989059","PASSED","-37,343752","-29,687500","-14,375000","-10,976562","1,250000","9,804688","11,015625","0","0","PASSED","test_04_G_20160510081725.txt","1"
"54","2016-05-10 08:17:25","06","03","07","2442","16,445312","PASSED","-2,136856","PASSED","-36,250000","-29,687500","-14,375000","-9,726562","1,250000","9,804688","11,015625","0","0","PASSED","test_04_G_20160510081725.txt","1"
"55","2016-05-10 08:17:25","07","01","13","2472","16,445312","PASSED","-0,997459","PASSED","-30,898438","-20,351562","-14,375000","-10,976562","-6,875000","10,937500","17,500000","0","0","PASSED","test_04_G_20160510081725.txt","1"
"56","2016-05-10 08:17:25","08","02","13","2472","16,406250","PASSED","-1,509817","PASSED","-32,031250","-29,960938","-14,375000","-10,976562","-6,875000","10,937500","11,015625","0","0","PASSED","test_04_G_20160510081725.txt","1"
"57","2016-05-10 08:17:25","09","03","13","2472","16,406250","PASSED","-2,880697","PASSED","-34,882812","-20,312500","-14,375000","-10,976562","-6,875000","9,804688","11,015625","0","0","PASSED","test_04_G_20160510081725.txt","1"
"58","2016-05-10 08:17:25","10","01","36","5180","17,617187","PASSED","-9,306970","PASSED","-38,750000","-29,804688","-11,054688","-9,140625","-1,289062","9,062500","11,015625","0","0","PASSED","test_04_G_20160510081725.txt","1"
"59","2016-05-10 08:17:25","11","02","36","5180","17,617187","PASSED","-9,104118","PASSED","-37,500000","-30,000000","-11,054688","-9,140625","-1,289062","9,062500","11,015625","0","0","PASSED","test_04_G_20160510081725.txt","1"
"60","2016-05-10 08:17:25","12","03","36","5180","17,617187","PASSED","-10,452193","PASSED","-38,710936","-30,000000","-11,054688","-9,140625","-1,289062","9,062500","11,015625","0","0","PASSED","test_04_G_20160510081725.txt","1"
"61","2016-05-10 08:17:25","13","01","64","5320","17,578125","PASSED","-11,503885","PASSED","-40,000000","-30,000000","-15,585938","-9,140625","-0,039062","9,062500","16,835938","0","0","PASSED","test_04_G_20160510081725.txt","1"
"62","2016-05-10 08:17:25","14","02","64","5320","17,578125","PASSED","-10,052637","PASSED","-40,000000","-30,000000","-11,289062","-9,140625","-0,039062","9,062500","11,015625","0","0","PASSED","test_04_G_20160510081725.txt","1"
"63","2016-05-10 08:17:25","15","03","64","5320","17,617187","PASSED","-12,134833","PASSED","-33,710936","-30,000000","-11,054688","-9,140625","-1,289062","9,062500","11,015625","0","0","PASSED","test_04_G_20160510081725.txt","1"
"64","2016-05-10 08:17:25","16","01","100","5500","17,617187","PASSED","-14,800444","PASSED","-40,000000","-30,000000","-11,054688","-9,140625","-0,039062","9,062500","11,015625","0","0","PASSED","test_04_G_20160510081725.txt","1"
"65","2016-05-10 08:17:25","17","02","100","5500","17,617187","PASSED","-14,456743","PASSED","-40,000000","-29,960938","-11,054688","-9,140625","-0,039062","9,062500","11,015625","0","0","PASSED","test_04_G_20160510081725.txt","1"
"66","2016-05-10 08:17:25","18","03","100","5500","17,617187","PASSED","-13,990469","PASSED","-38,750000","-29,726562","-11,054688","-9,140625","-1,289062","9,062500","11,015625","0","0","PASSED","test_04_G_20160510081725.txt","1"
"67","2016-05-10 08:17:25","19","01","140","5700","17,617187","PASSED","-16,138430","PASSED","-40,000000","-30,000000","-11,054688","-9,140625","-0,039062","9,062500","11,015625","0","0","PASSED","test_04_G_20160510081725.txt","1"
"68","2016-05-10 08:17:25","20","02","140","5700","17,617187","PASSED","-16,220081","PASSED","-40,000000","-29,804688","-11,054688","-9,140625","-0,039062","9,062500","11,015625","0","0","PASSED","test_04_G_20160510081725.txt","1"
"69","2016-05-10 08:17:25","21","03","140","5700","17,617187","PASSED","-15,527149","PASSED","-39,726564","-30,000000","-11,054688","-9,140625","-1,289062","9,062500","11,015625","0","0","PASSED","test_04_G_20160510081725.txt","1"
"70","2016-05-10 08:17:25","22","01","161","5805","17,617187","PASSED","-15,034198","PASSED","-38,750000","-30,000000","-15,976562","-9,140625","-1,289062","9,062500","11,015625","0","0","PASSED","test_04_G_20160510081725.txt","1"
"71","2016-05-10 08:17:25","23","02","161","5805","17,617187","PASSED","-13,987399","PASSED","-38,789064","-30,000000","-11,054688","-9,140625","-1,289062","9,062500","11,015625","0","0","PASSED","test_04_G_20160510081725.txt","1"
"72","2016-05-10 08:17:25","24","03","161","5805","17,617187","PASSED","-14,648782","PASSED","-38,789064","-30,000000","-11,054688","-9,140625","-1,289062","9,062500","11,015625","0","0","PASSED","test_04_G_20160510081725.txt","1"
"73","2016-05-09 14:10:38","01","01","01","2412","16,445312","PASSED","-0,830934","PASSED","-31,210938","-20,312500","-14,375000","-10,976562","-6,875000","10,898438","17,500000","0","0","PASSED","test_06_G_20160509141038.txt","1"
"74","2016-05-09 14:10:38","02","02","01","2412","16,406250","PASSED","-0,455096","PASSED","-34,140624","-20,312500","-14,375000","-10,976562","-6,875000","10,937500","11,015625","0","0","PASSED","test_06_G_20160509141038.txt","1"
"75","2016-05-09 14:10:38","03","03","01","2412","16,406250","PASSED","-2,132290","PASSED","-32,734376","-29,687500","-14,375000","-10,976562","-6,875000","9,804688","11,015625","0","0","PASSED","test_06_G_20160509141038.txt","1"
"76","2016-05-09 14:10:38","04","01","07","2442","16,445312","PASSED","-0,900386","PASSED","-31,562500","-30,000000","-14,375000","-10,976562","1,250000","10,937500","11,015625","0","0","PASSED","test_06_G_20160509141038.txt","1"
"77","2016-05-09 14:10:38","05","02","07","2442","16,445312","PASSED","-0,994499","PASSED","-35,390624","-29,531250","-14,375000","-10,976562","-6,875000","9,804688","11,015625","0","0","PASSED","test_06_G_20160509141038.txt","1"
"78","2016-05-09 14:10:38","06","03","07","2442","16,406250","PASSED","-2,236440","PASSED","-32,343750","-29,882812","-14,375000","-9,726562","1,250000","9,804688","11,015625","0","0","PASSED","test_06_G_20160509141038.txt","1"
"79","2016-05-09 14:10:38","07","01","13","2472","16,445312","PASSED","-1,213245","PASSED","-34,882812","-20,351562","-14,375000","-10,976562","-6,875000","10,898438","11,015625","0","0","PASSED","test_06_G_20160509141038.txt","1"
"80","2016-05-09 14:10:38","08","02","13","2472","16,406250","PASSED","-1,756589","PASSED","-32,031250","-20,351562","-14,375000","-10,976562","-6,875000","9,804688","11,015625","0","0","PASSED","test_06_G_20160509141038.txt","1"
"81","2016-05-09 14:10:38","09","03","13","2472","16,406250","PASSED","-2,975097","PASSED","-31,953124","-20,312500","-14,375000","-10,976562","-6,875000","9,804688","17,500000","0","0","PASSED","test_06_G_20160509141038.txt","1"
"82","2016-05-09 14:10:38","10","01","36","5180","17,617188","PASSED","-9,446589","PASSED","-37,500000","-30,000000","-11,054688","-9,140625","-1,289062","9,062500","11,015625","0","0","PASSED","test_06_G_20160509141038.txt","1"
"83","2016-05-09 14:10:38","11","02","36","5180","17,617187","PASSED","-9,231529","PASSED","-38,750000","-30,000000","-11,054688","-9,140625","-1,289062","9,062500","11,015625","0","0","PASSED","test_06_G_20160509141038.txt","1"
"84","2016-05-09 14:10:38","12","03","36","5180","17,617187","PASSED","-10,566092","PASSED","-38,750000","-30,000000","-11,054688","-9,140625","-1,289062","9,062500","11,015625","0","0","PASSED","test_06_G_20160509141038.txt","1"
"85","2016-05-09 14:10:38","13","01","64","5320","17,578125","PASSED","-11,664026","PASSED","-40,000000","-30,000000","-14,414062","-9,140625","-0,039062","9,062500","16,835938","0","0","PASSED","test_06_G_20160509141038.txt","1"
"86","2016-05-09 14:10:38","14","02","64","5320","17,578125","PASSED","-10,229643","PASSED","-37,539064","-30,000000","-11,289062","-9,140625","-1,289062","9,062500","11,015625","0","0","PASSED","test_06_G_20160509141038.txt","1"
"87","2016-05-09 14:10:38","15","03","64","5320","17,578125","PASSED","-11,983476","PASSED","-34,687500","-30,000000","-11,054688","-9,140625","-1,289062","9,062500","11,015625","0","0","PASSED","test_06_G_20160509141038.txt","1"
"88","2016-05-09 14:10:38","16","01","100","5500","17,617187","PASSED","-14,780396","PASSED","-40,000000","-29,843750","-11,054688","-9,140625","-0,039062","9,062500","11,015625","0","0","PASSED","test_06_G_20160509141038.txt","1"
"89","2016-05-09 14:10:38","17","02","100","5500","17,617187","PASSED","-14,613097","PASSED","-39,687500","-30,000000","-11,054688","-9,140625","-1,289062","9,062500","11,015625","0","0","PASSED","test_06_G_20160509141038.txt","1"
"90","2016-05-09 14:10:38","18","03","100","5500","17,617187","PASSED","-13,814890","PASSED","-32,539062","-30,000000","-11,054688","-9,140625","-1,289062","9,062500","11,015625","0","0","PASSED","test_06_G_20160509141038.txt","1"
"91","2016-05-09 14:10:38","19","01","140","5700","17,617187","PASSED","-16,175395","PASSED","-40,000000","-30,000000","-11,054688","-9,140625","-0,039062","9,062500","11,015625","0","0","PASSED","test_06_G_20160509141038.txt","1"
"92","2016-05-09 14:10:38","20","02","140","5700","17,617187","PASSED","-16,170105","PASSED","-38,789064","-30,000000","-11,054688","-9,140625","-1,289062","9,062500","11,015625","0","0","PASSED","test_06_G_20160509141038.txt","1"
"93","2016-05-09 14:10:38","21","03","140","5700","17,617187","PASSED","-15,550852","PASSED","-38,750000","-30,000000","-11,054688","-9,140625","-1,289062","9,062500","11,015625","0","0","PASSED","test_06_G_20160509141038.txt","1"
"94","2016-05-09 14:10:38","22","01","161","5805","17,617187","PASSED","-15,115957","PASSED","-34,375000","-30,000000","-15,976562","-9,140625","-1,289062","9,062500","11,015625","0","0","PASSED","test_06_G_20160509141038.txt","1"
"95","2016-05-09 14:10:38","23","02","161","5805","17,617187","PASSED","-14,020989","PASSED","-38,515624","-29,882812","-11,054688","-9,140625","-1,289062","9,062500","11,015625","0","0","PASSED","test_06_G_20160509141038.txt","1"
"96","2016-05-09 14:10:38","24","03","161","5805","17,617187","PASSED","-14,637702","PASSED","-38,750000","-30,000000","-11,054688","-9,140625","-1,289062","9,062500","11,015625","0","0","PASSED","test_06_G_20160509141038.txt","1"
"97","2016-05-09 14:21:21","01","01","01","2412","16,445312","PASSED","-0,793350","PASSED","-33,085938","-20,312500","-14,375000","-10,976562","-6,875000","10,937500","17,500000","0","0","PASSED","test_07_G_20160509142121.txt","1"
"98","2016-05-09 14:21:21","02","02","01","2412","16,406250","PASSED","-0,428710","PASSED","-32,226562","-20,312500","-14,375000","-10,976562","-6,875000","10,937500","11,015625","0","0","PASSED","test_07_G_20160509142121.txt","1"
"99","2016-05-09 14:21:21","03","03","01","2412","16,406250","PASSED","-2,098786","PASSED","-30,898438","-29,687500","-14,375000","-10,976562","-6,875000","9,804688","11,015625","0","0","PASSED","test_07_G_20160509142121.txt","1"
"100","2016-05-09 14:21:21","04","01","07","2442","16,445312","PASSED","-0,900640","PASSED","-32,890624","-30,000000","-14,375000","-10,976562","1,250000","10,937500","11,015625","0","0","PASSED","test_07_G_20160509142121.txt","1"
"101","2016-05-09 14:21:21","05","02","07","2442","16,445312","PASSED","-0,985451","PASSED","-38,867188","-29,648438","-14,375000","-10,976562","-6,875000","9,804688","11,015625","0","0","PASSED","test_07_G_20160509142121.txt","1"
"102","2016-05-09 14:21:21","06","03","07","2442","16,406250","PASSED","-2,481935","PASSED","-40,000000","-29,882812","-14,375000","-9,726562","1,250000","9,804688","11,015625","0","0","PASSED","test_07_G_20160509142121.txt","1"
"103","2016-05-09 14:21:21","07","01","13","2472","16,445312","PASSED","-0,961049","PASSED","-31,640624","-20,312500","-14,375000","-10,976562","-6,875000","10,937500","17,500000","0","0","PASSED","test_07_G_20160509142121.txt","1"
"104","2016-05-09 14:21:21","08","02","13","2472","16,406250","PASSED","-1,770117","PASSED","-32,031250","-29,804688","-14,375000","-10,976562","-6,875000","9,804688","11,015625","0","0","PASSED","test_07_G_20160509142121.txt","1"
"105","2016-05-09 14:21:21","09","03","13","2472","16,406250","PASSED","-2,968642","PASSED","-38,437500","-20,312500","-14,375000","-10,976562","-6,875000","9,804688","11,015625","0","0","PASSED","test_07_G_20160509142121.txt","1"
"106","2016-05-09 14:21:21","10","01","36","5180","17,617188","PASSED","-9,464970","PASSED","-38,750000","-29,921876","-11,054688","-9,140625","-1,289062","9,062500","11,015625","0","0","PASSED","test_07_G_20160509142121.txt","1"
"107","2016-05-09 14:21:21","11","02","36","5180","17,617187","PASSED","-9,256170","PASSED","-39,101564","-29,960938","-11,054688","-9,140625","-1,289062","9,062500","11,015625","0","0","PASSED","test_07_G_20160509142121.txt","1"
"108","2016-05-09 14:21:21","12","03","36","5180","17,617187","PASSED","-10,614489","PASSED","-33,750000","-30,000000","-11,054688","-9,140625","-1,289062","9,062500","11,015625","0","0","PASSED","test_07_G_20160509142121.txt","1"
"109","2016-05-09 14:21:21","13","01","64","5320","17,578125","PASSED","-11,569202","PASSED","-40,000000","-30,000000","-15,976562","-9,140625","-0,039062","9,062500","16,835938","0","0","PASSED","test_07_G_20160509142121.txt","1"
"110","2016-05-09 14:21:21","14","02","64","5320","17,578125","PASSED","-10,388821","PASSED","-40,000000","-30,000000","-11,054688","-9,140625","-0,039062","9,062500","11,015625","0","0","PASSED","test_07_G_20160509142121.txt","1"
"111","2016-05-09 14:21:21","15","03","64","5320","17,578125","PASSED","-12,056746","PASSED","-38,750000","-29,921876","-11,054688","-9,140625","-1,289062","9,062500","11,015625","0","0","PASSED","test_07_G_20160509142121.txt","1"
"112","2016-05-09 14:21:21","16","01","100","5500","17,617187","PASSED","-14,732963","PASSED","-40,000000","-29,960938","-11,054688","-9,140625","-0,039062","9,062500","11,015625","0","0","PASSED","test_07_G_20160509142121.txt","1"
"113","2016-05-09 14:21:21","17","02","100","5500","17,617187","PASSED","-14,532526","PASSED","-40,000000","-30,000000","-11,054688","-9,140625","-0,039062","9,062500","11,015625","0","0","PASSED","test_07_G_20160509142121.txt","1"
"114","2016-05-09 14:21:21","18","03","100","5500","17,617187","PASSED","-14,132692","PASSED","-38,750000","-29,648438","-11,054688","-9,140625","-1,289062","9,062500","11,015625","0","0","PASSED","test_07_G_20160509142121.txt","1"
"115","2016-05-09 14:21:21","19","01","140","5700","17,578125","PASSED","-16,117101","PASSED","-40,000000","-30,000000","-11,054688","-9,140625","-0,039062","9,062500","11,015625","0","0","PASSED","test_07_G_20160509142121.txt","1"
"116","2016-05-09 14:21:21","20","02","140","5700","17,617187","PASSED","-16,323517","PASSED","-40,000000","-30,000000","-11,054688","-9,140625","-0,039062","9,062500","11,015625","0","0","PASSED","test_07_G_20160509142121.txt","1"
"117","2016-05-09 14:21:21","21","03","140","5700","17,617187","PASSED","-15,622203","PASSED","-39,687500","-30,000000","-11,054688","-9,140625","-1,289062","9,062500","11,015625","0","0","PASSED","test_07_G_20160509142121.txt","1"
"118","2016-05-09 14:21:21","22","01","161","5805","17,617187","PASSED","-15,179725","PASSED","-38,750000","-30,000000","-14,375000","-9,140625","-1,289062","9,062500","11,015625","0","0","PASSED","test_07_G_20160509142121.txt","1"
"119","2016-05-09 14:21:21","23","02","161","5805","17,617187","PASSED","-14,075374","PASSED","-37,500000","-30,000000","-11,054688","-9,140625","-1,289062","9,062500","11,015625","0","0","PASSED","test_07_G_20160509142121.txt","1"
"120","2016-05-09 14:21:21","24","03","161","5805","17,617187","PASSED","-14,679306","PASSED","-38,750000","-30,000000","-11,054688","-9,140625","-1,289062","9,062500","11,015625","0","0","PASSED","test_07_G_20160509142121.txt","1"
"121","2016-05-18 09:02:23","01","01","01","2412","16,445312","PASSED","17,594049","FAILED","-30,039062","-30,000000","-14,375000","-10,976562","-6,875000","10,937500","15,937500","0","0","PASSED","005464506_F_20160518090223.txt","2"
"122","2016-05-18 09:02:23","02","02","01","2412","16,406250","PASSED","17,951451","FAILED","-30,625000","-30,000000","-14,375000","-10,976562","-6,875000","10,937500","15,937500","0","0","PASSED","005464506_F_20160518090223.txt","2"
"123","2016-05-18 09:02:23","03","03","01","2412","16,406250","PASSED","16,161520","FAILED","-30,039062","-30,000000","-14,375000","-10,976562","-6,875000","10,937500","15,937500","0","0","PASSED","005464506_F_20160518090223.txt","2"
"124","2016-05-18 09:02:23","04","01","07","2442","16,445312","PASSED","17,264249","FAILED","-30,039062","-30,000000","-14,375000","-10,976562","1,250000","10,937500","15,937500","0","0","PASSED","005464506_F_20160518090223.txt","2"
"125","2016-05-18 09:02:23","05","02","07","2442","16,445312","PASSED","17,352058","FAILED","-30,039062","-29,414062","-17,812500","-10,976562","1,250000","10,937500","17,500000","0","0","PASSED","005464506_F_20160518090223.txt","2"
"126","2016-05-18 09:02:23","06","03","07","2442","16,445312","PASSED","15,813976","FAILED","-30,039062","-30,000000","-17,812500","-10,976562","1,250000","10,937500","15,937500","0","0","PASSED","005464506_F_20160518090223.txt","2"
"127","2016-05-18 09:02:23","07","01","13","2472","16,445312","PASSED","16,913703","FAILED","-30,039062","-30,000000","-17,812500","-10,976562","-6,875000","10,937500","15,937500","0","0","PASSED","005464506_F_20160518090223.txt","2"
"128","2016-05-18 09:02:23","08","02","13","2472","16,406250","PASSED","16,263785","FAILED","-30,039062","-30,000000","-14,375000","-10,976562","-6,914062","10,937500","15,937500","0","0","PASSED","005464506_F_20160518090223.txt","2"
"129","2016-05-18 09:02:23","09","03","13","2472","16,406250","PASSED","14,904207","PASSED","-30,039062","-20,937500","-14,375000","-10,976562","-6,914062","10,937500","14,960938","0","0","PASSED","005464506_F_20160518090223.txt","2"
"130","2016-05-18 09:02:23","10","01","36","5180","99,804688","FAILED","-10,202047","PASSED","-30,312500","-29,960938","-18,476562","-10,976562","0,000000","10,937500","19,960938","0","0","FAILED","005464506_F_20160518090223.txt","2"
"131","2016-05-18 07:58:56","01","01","01","2412","16,445312","PASSED","-0,729830","PASSED","-31,289062","-20,312500","-14,375000","-10,976562","-6,875000","10,937500","17,500000","0","0","PASSED","0164651486_F_20160518075856.txt","2"
"132","2016-05-18 07:58:56","02","02","01","2412","0,000000","FAILED","NaN","FAILED","0,000000","0,000000","0,000000","0,000000","0,000000","0,000000","0,000000","0","0","FAILED","0164651486_F_20160518075856.txt","2"
"133","2016-05-18 07:52:29","01","01","01","2412","16,445312","PASSED","-0,802207","PASSED","-30,546876","-20,312500","-14,375000","-10,976562","-6,875000","10,937500","17,500000","0","0","PASSED","4468777117_F_20160518075229.txt","2"
"134","2016-05-18 07:52:29","02","02","01","2412","0,000000","FAILED","NaN","FAILED","0,000000","0,000000","0,000000","0,000000","0,000000","0,000000","0,000000","0","0","FAILED","4468777117_F_20160518075229.txt","2"
"135","2016-05-18 08:54:02","01","01","01","2412","16,445312","PASSED","17,465085","FAILED","-30,625000","-27,851562","-14,375000","-10,976562","-6,875000","10,937500","15,937500","0","0","PASSED","45404054054_F_20160518085402.txt","2"
"136","2016-05-18 08:54:02","02","02","01","2412","16,406250","PASSED","17,850254","FAILED","-30,039062","-30,000000","-14,375000","-10,976562","-6,875000","10,937500","15,937500","0","0","PASSED","45404054054_F_20160518085402.txt","2"
"137","2016-05-18 08:54:02","03","03","01","2412","16,406250","PASSED","16,326224","FAILED","-30,039062","-28,789062","-14,375000","-10,976562","-6,875000","10,937500","15,937500","0","0","PASSED","45404054054_F_20160518085402.txt","2"
"138","2016-05-18 08:54:02","04","01","07","2442","16,445312","PASSED","17,228087","FAILED","-30,039062","-30,000000","-14,375000","-10,976562","-6,875000","10,937500","15,937500","0","0","PASSED","45404054054_F_20160518085402.txt","2"
"139","2016-05-18 08:54:02","05","02","07","2442","16,445312","PASSED","17,241636","FAILED","-30,625000","-29,726562","-17,812500","-10,976562","-6,875000","10,937500","15,937500","0","0","PASSED","45404054054_F_20160518085402.txt","2"
"140","2016-05-18 08:54:02","06","03","07","2442","16,445312","PASSED","15,922690","FAILED","-30,039062","-30,000000","-17,812500","-10,976562","-6,875000","10,937500","15,937500","0","0","PASSED","45404054054_F_20160518085402.txt","2"
"141","2016-05-18 08:54:02","07","01","13","2472","16,445312","PASSED","16,733923","FAILED","-30,585938","-29,726562","-17,812500","-10,976562","-6,875000","10,937500","15,937500","0","0","PASSED","45404054054_F_20160518085402.txt","2"
"142","2016-05-18 08:54:02","08","02","13","2472","16,406250","PASSED","16,113467","FAILED","-30,039062","-30,000000","-14,375000","-10,976562","-6,875000","10,937500","15,937500","0","0","PASSED","45404054054_F_20160518085402.txt","2"
"143","2016-05-18 08:54:02","09","03","13","2472","16,406250","PASSED","14,814980","PASSED","-30,039062","-20,937500","-14,375000","-10,976562","-6,875000","10,937500","14,960938","0","0","PASSED","45404054054_F_20160518085402.txt","2"
"144","2016-05-18 08:54:02","10","01","36","5180","0,000000","FAILED","NaN","FAILED","0,000000","0,000000","0,000000","0,000000","0,000000","0,000000","0,000000","0","0","FAILED","45404054054_F_20160518085402.txt","2"
"145","2016-05-18 08:51:53","01","01","01","2412","16,445312","PASSED","17,711923","FAILED","-30,039062","-30,000000","-14,375000","-10,976562","-6,875000","10,937500","15,937500","0","0","PASSED","454513212_F_20160518085153.txt","2"
"146","2016-05-18 08:51:53","02","02","01","2412","16,406250","PASSED","17,934578","FAILED","-30,585938","-30,000000","-14,375000","-10,976562","-6,875000","10,937500","15,937500","0","0","PASSED","454513212_F_20160518085153.txt","2"
"147","2016-05-18 08:51:53","03","03","01","2412","16,406250","PASSED","16,320206","FAILED","-30,039062","-30,000000","-14,375000","-10,976562","-6,875000","10,937500","15,937500","0","0","PASSED","454513212_F_20160518085153.txt","2"
"148","2016-05-18 08:51:53","04","01","07","2442","16,445312","PASSED","17,167544","FAILED","-30,039062","-30,000000","-16,210938","-10,976562","-6,875000","10,937500","15,937500","0","0","PASSED","454513212_F_20160518085153.txt","2"
"149","2016-05-18 08:51:53","05","02","07","2442","16,445312","PASSED","17,242176","FAILED","-30,039062","-30,000000","-17,812500","-10,976562","-6,875000","10,937500","15,937500","0","0","PASSED","454513212_F_20160518085153.txt","2"
"150","2016-05-18 08:51:53","06","03","07","2442","16,445312","PASSED","15,902087","FAILED","-30,039062","-30,000000","-17,812500","-10,976562","-6,875000","10,937500","15,937500","0","0","PASSED","454513212_F_20160518085153.txt","2"
"151","2016-05-18 08:51:53","07","01","13","2472","16,445312","PASSED","16,832196","FAILED","-30,039062","-27,851562","-17,812500","-10,976562","-6,875000","10,937500","15,937500","0","0","PASSED","454513212_F_20160518085153.txt","2"
"152","2016-05-18 08:51:53","08","02","13","2472","16,406250","PASSED","16,213348","FAILED","-30,585938","-29,375000","-17,539062","-10,976562","-6,875000","10,937500","15,937500","0","0","PASSED","454513212_F_20160518085153.txt","2"
"153","2016-05-18 08:51:53","09","03","13","2472","16,406250","PASSED","14,888239","PASSED","-30,039062","-30,000000","-14,375000","-10,976562","-6,875000","10,937500","14,960938","0","0","PASSED","454513212_F_20160518085153.txt","2"
"154","2016-05-18 08:51:53","10","01","36","5180","100,664060","FAILED","-10,983769","PASSED","-30,234376","-30,000000","-18,750000","-10,976562","0,000000","10,937500","19,687500","0","0","FAILED","454513212_F_20160518085153.txt","2"
"155","2016-05-18 09:10:15","01","01","01","2412","16,445312","PASSED","17,777265","FAILED","-30,039062","-30,000000","-17,812500","-10,976562","-6,875000","10,937500","15,937500","0","0","PASSED","456540464_F_20160518091015.txt","2"
"156","2016-05-18 09:10:15","02","02","01","2412","16,406250","PASSED","17,911059","FAILED","-30,585938","-30,000000","-14,375000","-10,976562","-6,875000","10,937500","15,937500","0","0","PASSED","456540464_F_20160518091015.txt","2"
"157","2016-05-18 09:10:15","03","03","01","2412","16,406250","PASSED","16,341542","FAILED","-30,039062","-30,000000","-17,812500","-10,976562","-6,875000","10,937500","15,937500","0","0","PASSED","456540464_F_20160518091015.txt","2"
"158","2016-05-18 09:10:15","04","01","07","2442","16,445312","PASSED","17,234646","FAILED","-30,039062","-30,000000","-17,812500","-10,976562","-6,875000","10,937500","15,937500","0","0","PASSED","456540464_F_20160518091015.txt","2"
"159","2016-05-18 09:10:15","05","02","07","2442","16,445312","PASSED","17,248814","FAILED","-30,039062","-30,000000","-17,812500","-10,976562","-6,875000","10,937500","15,937500","0","0","PASSED","456540464_F_20160518091015.txt","2"
"160","2016-05-18 09:10:15","06","03","07","2442","16,445312","PASSED","15,956979","FAILED","-30,039062","-29,726562","-17,812500","-10,976562","-6,875000","10,937500","15,937500","0","0","PASSED","456540464_F_20160518091015.txt","2"
"161","2016-05-18 09:10:15","07","01","13","2472","16,445312","PASSED","16,838781","FAILED","-30,039062","-30,000000","-17,812500","-10,976562","-6,875000","10,937500","15,937500","0","0","PASSED","456540464_F_20160518091015.txt","2"
"162","2016-05-18 09:10:15","08","02","13","2472","16,406250","PASSED","16,195738","FAILED","-30,039062","-30,000000","-17,539062","-10,976562","-6,875000","10,937500","15,937500","0","0","PASSED","456540464_F_20160518091015.txt","2"
"163","2016-05-18 09:10:15","09","03","13","2472","16,445312","PASSED","15,049123","FAILED","-30,039062","-20,937500","-17,812500","-10,976562","-6,914062","10,937500","14,960938","0","0","PASSED","456540464_F_20160518091015.txt","2"
"164","2016-05-18 09:10:15","10","01","36","5180","100,000000","FAILED","-10,711730","PASSED","-30,234376","-29,687500","-19,375000","-10,937500","0,000000","10,937500","19,687500","0","0","FAILED","456540464_F_20160518091015.txt","2"
"165","2016-05-18 08:56:33","01","01","01","2412","16,445312","PASSED","17,620888","FAILED","-30,039062","-30,000000","-14,375000","-10,976562","-6,875000","10,937500","15,937500","0","0","PASSED","4610462121210_F_20160518085633.txt","2"
"166","2016-05-18 08:56:33","02","02","01","2412","16,406250","PASSED","17,971905","FAILED","-30,625000","-30,000000","-14,375000","-10,976562","-6,875000","10,937500","15,937500","0","0","PASSED","4610462121210_F_20160518085633.txt","2"
"167","2016-05-18 08:56:33","03","03","01","2412","16,406250","PASSED","16,248200","FAILED","-30,039062","-30,000000","-14,375000","-10,976562","-6,875000","10,937500","15,937500","0","0","PASSED","4610462121210_F_20160518085633.txt","2"
"168","2016-05-18 08:56:33","04","01","07","2442","16,445312","PASSED","17,208014","FAILED","-30,039062","-30,000000","-14,375000","-10,976562","-6,875000","10,937500","15,937500","0","0","PASSED","4610462121210_F_20160518085633.txt","2"
"169","2016-05-18 08:56:33","05","02","07","2442","16,445312","PASSED","17,177190","FAILED","-30,039062","-30,000000","-17,812500","-10,976562","-6,875000","10,937500","15,937500","0","0","PASSED","4610462121210_F_20160518085633.txt","2"
"170","2016-05-18 08:56:33","06","03","07","2442","16,445312","PASSED","15,955719","FAILED","-30,039062","-30,000000","-17,812500","-10,976562","-6,875000","10,937500","17,500000","0","0","PASSED","4610462121210_F_20160518085633.txt","2"
"171","2016-05-18 08:56:33","07","01","13","2472","16,445312","PASSED","16,778740","FAILED","-30,039062","-30,000000","-17,812500","-10,976562","-6,875000","10,937500","15,937500","0","0","PASSED","4610462121210_F_20160518085633.txt","2"
"172","2016-05-18 08:56:33","08","02","13","2472","16,406250","PASSED","16,193060","FAILED","-30,039062","-30,000000","-14,375000","-10,976562","-6,875000","10,937500","15,937500","0","0","PASSED","4610462121210_F_20160518085633.txt","2"
"173","2016-05-18 08:56:33","09","03","13","2472","16,445312","PASSED","14,901354","PASSED","-30,039062","-20,937500","-14,375000","-10,976562","-6,914062","10,937500","14,960938","0","0","PASSED","4610462121210_F_20160518085633.txt","2"
"174","2016-05-18 08:56:33","10","01","36","5180","100,546876","FAILED","-10,056799","PASSED","-32,187500","-29,687500","-19,375000","-10,937500","0,000000","10,937500","19,687500","0","0","FAILED","4610462121210_F_20160518085633.txt","2"
"175","2016-05-18 09:12:31","01","01","01","2412","16,445312","PASSED","17,661450","FAILED","-30,625000","-30,000000","-14,375000","-10,976562","-6,875000","10,937500","15,937500","0","0","PASSED","54054545454587_F_20160518091231.txt","2"
"176","2016-05-18 09:12:31","02","02","01","2412","16,406250","PASSED","17,708103","FAILED","-30,039062","-30,000000","-14,375000","-10,976562","-6,875000","10,937500","15,937500","0","0","PASSED","54054545454587_F_20160518091231.txt","2"
"177","2016-05-18 09:12:31","03","03","01","2412","16,406250","PASSED","16,262595","FAILED","-30,039062","-30,000000","-14,375000","-10,976562","-6,875000","10,937500","15,937500","0","0","PASSED","54054545454587_F_20160518091231.txt","2"
"178","2016-05-18 09:12:31","04","01","07","2442","16,445312","PASSED","17,167896","FAILED","-30,039062","-30,000000","-14,375000","-10,976562","-6,875000","10,937500","15,937500","0","0","PASSED","54054545454587_F_20160518091231.txt","2"
"179","2016-05-18 09:12:31","05","02","07","2442","16,445312","PASSED","17,237338","FAILED","-30,039062","-30,000000","-17,812500","-10,976562","-6,875000","10,937500","15,937500","0","0","PASSED","54054545454587_F_20160518091231.txt","2"
"180","2016-05-18 09:12:31","06","03","07","2442","16,445312","PASSED","15,945635","FAILED","-30,039062","-29,414062","-17,812500","-10,976562","-6,914062","10,937500","17,500000","0","0","PASSED","54054545454587_F_20160518091231.txt","2"
"181","2016-05-18 09:12:31","07","01","13","2472","16,445312","PASSED","16,751822","FAILED","-30,039062","-29,726562","-17,812500","-10,976562","-6,875000","10,937500","15,937500","0","0","PASSED","54054545454587_F_20160518091231.txt","2"
"182","2016-05-18 09:12:31","08","02","13","2472","16,406250","PASSED","16,264449","FAILED","-30,039062","-30,000000","-14,375000","-10,976562","-6,875000","10,937500","15,937500","0","0","PASSED","54054545454587_F_20160518091231.txt","2"
"183","2016-05-18 09:12:31","09","03","13","2472","16,445312","PASSED","14,896188","PASSED","-30,039062","-20,937500","-14,375000","-10,976562","-6,875000","10,937500","17,500000","0","0","PASSED","54054545454587_F_20160518091231.txt","2"
"184","2016-05-18 09:12:31","10","01","36","5180","0,000000","FAILED","NaN","FAILED","0,000000","0,000000","0,000000","0,000000","0,000000","0,000000","0,000000","0","0","FAILED","54054545454587_F_20160518091231.txt","2"
"185","2016-05-18 07:55:07","01","01","01","2412","16,445312","PASSED","-0,827557","PASSED","-30,625000","-20,937500","-14,375000","-10,976562","-6,875000","10,898438","17,500000","0","0","PASSED","5540168078_F_20160518075507.txt","2"
"186","2016-05-18 07:55:07","02","02","01","2412","0,000000","FAILED","NaN","FAILED","0,000000","0,000000","0,000000","0,000000","0,000000","0,000000","0,000000","0","0","FAILED","5540168078_F_20160518075507.txt","2"
"187","2016-05-18 09:04:28","01","01","01","2412","16,445312","PASSED","17,537747","FAILED","-30,039062","-30,000000","-14,375000","-10,976562","-6,875000","10,937500","15,937500","0","0","PASSED","5592892809_F_20160518090428.txt","2"
"188","2016-05-18 09:04:28","02","02","01","2412","16,406250","PASSED","17,916244","FAILED","-30,585938","-30,000000","-14,375000","-10,976562","-6,875000","10,937500","15,937500","0","0","PASSED","5592892809_F_20160518090428.txt","2"
"189","2016-05-18 09:04:28","03","03","01","2412","16,406250","PASSED","16,261513","FAILED","-30,039062","-29,414062","-14,375000","-10,976562","-6,875000","10,937500","15,937500","0","0","PASSED","5592892809_F_20160518090428.txt","2"
"190","2016-05-18 09:04:28","04","01","07","2442","16,445312","PASSED","17,353386","FAILED","-30,039062","-30,000000","-14,375000","-10,976562","1,250000","10,937500","15,937500","0","0","PASSED","5592892809_F_20160518090428.txt","2"
"191","2016-05-18 09:04:28","05","02","07","2442","16,445312","PASSED","17,275343","FAILED","-30,039062","-30,000000","-14,375000","-10,976562","1,250000","10,937500","15,937500","0","0","PASSED","5592892809_F_20160518090428.txt","2"
"192","2016-05-18 09:04:28","06","03","07","2442","16,445312","PASSED","15,871030","FAILED","-30,039062","-30,000000","-17,812500","-10,976562","1,250000","10,937500","17,500000","0","0","PASSED","5592892809_F_20160518090428.txt","2"
"193","2016-05-18 09:04:28","07","01","13","2472","16,445312","PASSED","16,904110","FAILED","-30,039062","-27,851562","-14,375000","-10,976562","-6,875000","10,937500","15,937500","0","0","PASSED","5592892809_F_20160518090428.txt","2"
"194","2016-05-18 09:04:28","08","02","13","2472","16,406250","PASSED","16,300346","FAILED","-30,585938","-30,000000","-14,375000","-10,976562","-6,875000","10,937500","15,937500","0","0","PASSED","5592892809_F_20160518090428.txt","2"
"195","2016-05-18 09:04:28","09","03","13","2472","16,406250","PASSED","15,013852","FAILED","-30,039062","-20,937500","-14,375000","-10,976562","-6,875000","10,937500","14,960938","0","0","PASSED","5592892809_F_20160518090428.txt","2"
"196","2016-05-18 09:04:28","10","01","36","5180","0,000000","FAILED","NaN","FAILED","0,000000","0,000000","0,000000","0,000000","0,000000","0,000000","0,000000","0","0","FAILED","5592892809_F_20160518090428.txt","2"
"197","2016-05-18 07:54:31","01","01","01","2412","16,445312","PASSED","-0,821721","PASSED","-30,312500","-20,312500","-14,375000","-10,976562","-6,875000","10,898438","17,500000","0","0","PASSED","6870168746_F_20160518075431.txt","2"
"198","2016-05-18 07:54:31","02","02","01","2412","0,000000","FAILED","NaN","FAILED","0,000000","0,000000","0,000000","0,000000","0,000000","0,000000","0,000000","0","0","FAILED","6870168746_F_20160518075431.txt","2"
